,rank,name,imdb_stub_link,imdb_full_link
0,1.,Robert De Niro,/name/nm0000134,https://www.imdb.com/name/nm0000134
1,2.,Jack Nicholson,/name/nm0000197,https://www.imdb.com/name/nm0000197
2,3.,Marlon Brando,/name/nm0000008,https://www.imdb.com/name/nm0000008
3,4.,Denzel Washington,/name/nm0000243,https://www.imdb.com/name/nm0000243
4,5.,Katharine Hepburn,/name/nm0000031,https://www.imdb.com/name/nm0000031
5,6.,Humphrey Bogart,/name/nm0000007,https://www.imdb.com/name/nm0000007
6,7.,Meryl Streep,/name/nm0000658,https://www.imdb.com/name/nm0000658
7,8.,Daniel Day-Lewis,/name/nm0000358,https://www.imdb.com/name/nm0000358
8,9.,Sidney Poitier,/name/nm0001627,https://www.imdb.com/name/nm0001627
9,10.,Clark Gable,/name/nm0000022,https://www.imdb.com/name/nm0000022
10,11.,Ingrid Bergman,/name/nm0000006,https://www.imdb.com/name/nm0000006
11,12.,Tom Hanks,/name/nm0000158,https://www.imdb.com/name/nm0000158
12,13.,Elizabeth Taylor,/name/nm0000072,https://www.imdb.com/name/nm0000072
13,14.,Bette Davis,/name/nm0000012,https://www.imdb.com/name/nm0000012
14,15.,Gregory Peck,/name/nm0000060,https://www.imdb.com/name/nm0000060
15,16.,Leonardo DiCaprio,/name/nm0000138,https://www.imdb.com/name/nm0000138
16,17.,Cate Blanchett,/name/nm0000949,https://www.imdb.com/name/nm0000949
17,18.,Audrey Hepburn,/name/nm0000030,https://www.imdb.com/name/nm0000030
18,19.,Spencer Tracy,/name/nm0000075,https://www.imdb.com/name/nm0000075
19,20.,Kate Winslet,/name/nm0000701,https://www.imdb.com/name/nm0000701
20,21.,Shah Rukh Khan,/name/nm0451321,https://www.imdb.com/name/nm0451321
21,22.,Viola Davis,/name/nm0205626,https://www.imdb.com/name/nm0205626
22,23.,Sophia Loren,/name/nm0000047,https://www.imdb.com/name/nm0000047
23,24.,Cary Grant,/name/nm0000026,https://www.imdb.com/name/nm0000026
24,25.,Vivien Leigh,/name/nm0000046,https://www.imdb.com/name/nm0000046
25,26.,Marilyn Monroe,/name/nm0000054,https://www.imdb.com/name/nm0000054
26,27.,Laurence Olivier,/name/nm0000059,https://www.imdb.com/name/nm0000059
27,28.,James Stewart,/name/nm0000071,https://www.imdb.com/name/nm0000071
28,29.,Steve McQueen,/name/nm0000537,https://www.imdb.com/name/nm0000537
29,30.,Diane Keaton,/name/nm0000473,https://www.imdb.com/name/nm0000473
30,31.,Julia Roberts,/name/nm0000210,https://www.imdb.com/name/nm0000210
31,32.,Jodie Foster,/name/nm0000149,https://www.imdb.com/name/nm0000149
32,33.,Judy Garland,/name/nm0000023,https://www.imdb.com/name/nm0000023
33,34.,Morgan Freeman,/name/nm0000151,https://www.imdb.com/name/nm0000151
34,35.,Paul Newman,/name/nm0000056,https://www.imdb.com/name/nm0000056
35,36.,Henry Fonda,/name/nm0000020,https://www.imdb.com/name/nm0000020
36,37.,Catherine Deneuve,/name/nm0000366,https://www.imdb.com/name/nm0000366
37,38.,Grace Kelly,/name/nm0000038,https://www.imdb.com/name/nm0000038
38,39.,Helen Mirren,/name/nm0000545,https://www.imdb.com/name/nm0000545
39,40.,James Cagney,/name/nm0000010,https://www.imdb.com/name/nm0000010
40,41.,Angela Bassett,/name/nm0000291,https://www.imdb.com/name/nm0000291
41,42.,Johnny Depp,/name/nm0000136,https://www.imdb.com/name/nm0000136
42,43.,Greta Garbo,/name/nm0001256,https://www.imdb.com/name/nm0001256
43,44.,Olivia de Havilland,/name/nm0000014,https://www.imdb.com/name/nm0000014
44,45.,Charles Chaplin,/name/nm0000122,https://www.imdb.com/name/nm0000122
45,46.,Setsuko Hara,/name/nm0361697,https://www.imdb.com/name/nm0361697
46,47.,Julie Andrews,/name/nm0000267,https://www.imdb.com/name/nm0000267
47,48.,Montgomery Clift,/name/nm0001050,https://www.imdb.com/name/nm0001050
48,49.,Isabelle Huppert,/name/nm0001376,https://www.imdb.com/name/nm0001376
49,50.,Al Pacino,/name/nm0000199,https://www.imdb.com/name/nm0000199
50,51.,Rita Hayworth,/name/nm0000028,https://www.imdb.com/name/nm0000028
51,52.,Halle Berry,/name/nm0000932,https://www.imdb.com/name/nm0000932
52,53.,James Dean,/name/nm0000015,https://www.imdb.com/name/nm0000015
53,54.,Kirk Douglas,/name/nm0000018,https://www.imdb.com/name/nm0000018
54,55.,Natalie Wood,/name/nm0000081,https://www.imdb.com/name/nm0000081
55,56.,Marcello Mastroianni,/name/nm0000052,https://www.imdb.com/name/nm0000052
56,57.,Joan Crawford,/name/nm0001076,https://www.imdb.com/name/nm0001076
57,58.,Harrison Ford,/name/nm0000148,https://www.imdb.com/name/nm0000148
58,59.,Susan Sarandon,/name/nm0000215,https://www.imdb.com/name/nm0000215
59,60.,Gene Kelly,/name/nm0000037,https://www.imdb.com/name/nm0000037
60,61.,Glenn Close,/name/nm0000335,https://www.imdb.com/name/nm0000335
61,62.,Joan Fontaine,/name/nm0000021,https://www.imdb.com/name/nm0000021
62,63.,Julianne Moore,/name/nm0000194,https://www.imdb.com/name/nm0000194
63,64.,Will Smith,/name/nm0000226,https://www.imdb.com/name/nm0000226
64,65.,Bruce Lee,/name/nm0000045,https://www.imdb.com/name/nm0000045
65,66.,Regina King,/name/nm0005093,https://www.imdb.com/name/nm0005093
66,67.,Angelina Jolie,/name/nm0001401,https://www.imdb.com/name/nm0001401
67,68.,John Wayne,/name/nm0000078,https://www.imdb.com/name/nm0000078
68,69.,Jane Fonda,/name/nm0000404,https://www.imdb.com/name/nm0000404
69,70.,Charlton Heston,/name/nm0000032,https://www.imdb.com/name/nm0000032
70,71.,Gary Cooper,/name/nm0000011,https://www.imdb.com/name/nm0000011
71,72.,Anthony Hopkins,/name/nm0000164,https://www.imdb.com/name/nm0000164
72,73.,Liv Ullmann,/name/nm0880521,https://www.imdb.com/name/nm0880521
73,74.,Natalie Portman,/name/nm0000204,https://www.imdb.com/name/nm0000204
74,75.,Gérard Depardieu,/name/nm0000367,https://www.imdb.com/name/nm0000367
75,76.,Forest Whitaker,/name/nm0001845,https://www.imdb.com/name/nm0001845
76,77.,Sandra Bullock,/name/nm0000113,https://www.imdb.com/name/nm0000113
77,78.,Deborah Kerr,/name/nm0000039,https://www.imdb.com/name/nm0000039
78,79.,Toshirô Mifune,/name/nm0001536,https://www.imdb.com/name/nm0001536
79,80.,Dustin Hoffman,/name/nm0000163,https://www.imdb.com/name/nm0000163
80,81.,Mohanlal,/name/nm0482320,https://www.imdb.com/name/nm0482320
81,82.,Emma Thompson,/name/nm0000668,https://www.imdb.com/name/nm0000668
82,83.,Tom Cruise,/name/nm0000129,https://www.imdb.com/name/nm0000129
83,84.,Michelle Pfeiffer,/name/nm0000201,https://www.imdb.com/name/nm0000201
84,85.,Faye Dunaway,/name/nm0001159,https://www.imdb.com/name/nm0001159
85,86.,Samuel L. Jackson,/name/nm0000168,https://www.imdb.com/name/nm0000168
86,87.,Peter O'Toole,/name/nm0000564,https://www.imdb.com/name/nm0000564
87,88.,Heath Ledger,/name/nm0005132,https://www.imdb.com/name/nm0005132
88,89.,Penélope Cruz,/name/nm0004851,https://www.imdb.com/name/nm0004851
89,90.,Nicole Kidman,/name/nm0000173,https://www.imdb.com/name/nm0000173
90,91.,Chadwick Boseman,/name/nm1569276,https://www.imdb.com/name/nm1569276
91,92.,Antonio Banderas,/name/nm0000104,https://www.imdb.com/name/nm0000104
92,93.,Sigourney Weaver,/name/nm0000244,https://www.imdb.com/name/nm0000244
93,94.,Salma Hayek,/name/nm0000161,https://www.imdb.com/name/nm0000161
94,95.,Don Cheadle,/name/nm0000332,https://www.imdb.com/name/nm0000332
95,96.,Frances McDormand,/name/nm0000531,https://www.imdb.com/name/nm0000531
96,97.,Kathy Bates,/name/nm0000870,https://www.imdb.com/name/nm0000870
97,98.,Omar Sharif,/name/nm0001725,https://www.imdb.com/name/nm0001725
98,99.,Amy Adams,/name/nm0010736,https://www.imdb.com/name/nm0010736
99,100.,Joaquin Phoenix,/name/nm0001618,https://www.imdb.com/name/nm0001618
0,101.,Jeff Bridges,/name/nm0000313,https://www.imdb.com/name/nm0000313
1,102.,Ben Kingsley,/name/nm0001426,https://www.imdb.com/name/nm0001426
2,103.,Tommy Lee Jones,/name/nm0000169,https://www.imdb.com/name/nm0000169
3,104.,Robert Redford,/name/nm0000602,https://www.imdb.com/name/nm0000602
4,105.,Jack Lemmon,/name/nm0000493,https://www.imdb.com/name/nm0000493
5,106.,Christopher Plummer,/name/nm0001626,https://www.imdb.com/name/nm0001626
6,107.,George C. Scott,/name/nm0001715,https://www.imdb.com/name/nm0001715
7,108.,Robin Williams,/name/nm0000245,https://www.imdb.com/name/nm0000245
8,109.,Christopher Walken,/name/nm0000686,https://www.imdb.com/name/nm0000686
9,110.,Philip Seymour Hoffman,/name/nm0000450,https://www.imdb.com/name/nm0000450
10,111.,George Clooney,/name/nm0000123,https://www.imdb.com/name/nm0000123
11,112.,Gene Hackman,/name/nm0000432,https://www.imdb.com/name/nm0000432
12,113.,Bruce Willis,/name/nm0000246,https://www.imdb.com/name/nm0000246
13,114.,Sean Connery,/name/nm0000125,https://www.imdb.com/name/nm0000125
14,115.,Ian McKellen,/name/nm0005212,https://www.imdb.com/name/nm0005212
15,116.,Russell Crowe,/name/nm0000128,https://www.imdb.com/name/nm0000128
16,117.,Bill Murray,/name/nm0000195,https://www.imdb.com/name/nm0000195
17,118.,Nicolas Cage,/name/nm0000115,https://www.imdb.com/name/nm0000115
18,119.,Joe Pesci,/name/nm0000582,https://www.imdb.com/name/nm0000582
19,120.,Brad Pitt,/name/nm0000093,https://www.imdb.com/name/nm0000093
20,121.,Kevin Costner,/name/nm0000126,https://www.imdb.com/name/nm0000126
21,122.,Donald Sutherland,/name/nm0000661,https://www.imdb.com/name/nm0000661
22,123.,Clint Eastwood,/name/nm0000142,https://www.imdb.com/name/nm0000142
23,124.,Michael Douglas,/name/nm0000140,https://www.imdb.com/name/nm0000140
24,125.,Robert Downey Jr.,/name/nm0000375,https://www.imdb.com/name/nm0000375
25,126.,Ava Gardner,/name/nm0001257,https://www.imdb.com/name/nm0001257
26,127.,Sally Field,/name/nm0000398,https://www.imdb.com/name/nm0000398
27,128.,Doris Day,/name/nm0000013,https://www.imdb.com/name/nm0000013
28,129.,Shirley MacLaine,/name/nm0000511,https://www.imdb.com/name/nm0000511
29,130.,Holly Hunter,/name/nm0000456,https://www.imdb.com/name/nm0000456
30,131.,Hilary Swank,/name/nm0005476,https://www.imdb.com/name/nm0005476
31,132.,Claudette Colbert,/name/nm0001055,https://www.imdb.com/name/nm0001055
32,133.,Diane Lane,/name/nm0000178,https://www.imdb.com/name/nm0000178
33,134.,Jessica Lange,/name/nm0001448,https://www.imdb.com/name/nm0001448
34,135.,Gloria Swanson,/name/nm0841797,https://www.imdb.com/name/nm0841797
35,136.,Lauren Bacall,/name/nm0000002,https://www.imdb.com/name/nm0000002
36,137.,Lucy Liu,/name/nm0005154,https://www.imdb.com/name/nm0005154
37,138.,Norma Shearer,/name/nm0790454,https://www.imdb.com/name/nm0790454
38,139.,Bette Midler,/name/nm0000541,https://www.imdb.com/name/nm0000541
39,140.,Mary Tyler Moore,/name/nm0001546,https://www.imdb.com/name/nm0001546
40,141.,Anna Magnani,/name/nm0536167,https://www.imdb.com/name/nm0536167
41,142.,Judi Dench,/name/nm0001132,https://www.imdb.com/name/nm0001132
42,143.,Sharon Stone,/name/nm0000232,https://www.imdb.com/name/nm0000232
43,144.,Kim Basinger,/name/nm0000107,https://www.imdb.com/name/nm0000107
44,145.,Glenda Jackson,/name/nm0413559,https://www.imdb.com/name/nm0413559
45,146.,Donna Reed,/name/nm0001656,https://www.imdb.com/name/nm0001656
46,147.,Demi Moore,/name/nm0000193,https://www.imdb.com/name/nm0000193
47,148.,Anne Hathaway,/name/nm0004266,https://www.imdb.com/name/nm0004266
48,149.,Liza Minnelli,/name/nm0591485,https://www.imdb.com/name/nm0591485
49,150.,Geena Davis,/name/nm0000133,https://www.imdb.com/name/nm0000133
50,151.,Peter Sellers,/name/nm0000634,https://www.imdb.com/name/nm0000634
51,152.,Woody Allen,/name/nm0000095,https://www.imdb.com/name/nm0000095
52,153.,Mel Gibson,/name/nm0000154,https://www.imdb.com/name/nm0000154
53,154.,Jim Carrey,/name/nm0000120,https://www.imdb.com/name/nm0000120
54,155.,Mark Wahlberg,/name/nm0000242,https://www.imdb.com/name/nm0000242
55,156.,Steve Martin,/name/nm0000188,https://www.imdb.com/name/nm0000188
56,157.,Javier Bardem,/name/nm0000849,https://www.imdb.com/name/nm0000849
57,158.,Christoph Waltz,/name/nm0910607,https://www.imdb.com/name/nm0910607
58,159.,Tim Robbins,/name/nm0000209,https://www.imdb.com/name/nm0000209
59,160.,Arnold Schwarzenegger,/name/nm0000216,https://www.imdb.com/name/nm0000216
60,161.,Sylvester Stallone,/name/nm0000230,https://www.imdb.com/name/nm0000230
61,162.,Viggo Mortensen,/name/nm0001557,https://www.imdb.com/name/nm0001557
62,163.,Christopher Lee,/name/nm0000489,https://www.imdb.com/name/nm0000489
63,164.,Geoffrey Rush,/name/nm0001691,https://www.imdb.com/name/nm0001691
64,165.,Alec Guinness,/name/nm0000027,https://www.imdb.com/name/nm0000027
65,166.,Richard Burton,/name/nm0000009,https://www.imdb.com/name/nm0000009
66,167.,Alec Baldwin,/name/nm0000285,https://www.imdb.com/name/nm0000285
67,168.,James Caan,/name/nm0001001,https://www.imdb.com/name/nm0001001
68,169.,Chiwetel Ejiofor,/name/nm0252230,https://www.imdb.com/name/nm0252230
69,170.,Mads Mikkelsen,/name/nm0586568,https://www.imdb.com/name/nm0586568
70,171.,Ben Stiller,/name/nm0001774,https://www.imdb.com/name/nm0001774
71,172.,Willem Dafoe,/name/nm0000353,https://www.imdb.com/name/nm0000353
72,173.,Ed Harris,/name/nm0000438,https://www.imdb.com/name/nm0000438
73,174.,Harvey Keitel,/name/nm0000172,https://www.imdb.com/name/nm0000172
74,175.,Jon Voight,/name/nm0000685,https://www.imdb.com/name/nm0000685
75,176.,Drew Barrymore,/name/nm0000106,https://www.imdb.com/name/nm0000106
76,177.,Winona Ryder,/name/nm0000213,https://www.imdb.com/name/nm0000213
77,178.,Kathleen Turner,/name/nm0000678,https://www.imdb.com/name/nm0000678
78,179.,Uma Thurman,/name/nm0000235,https://www.imdb.com/name/nm0000235
79,180.,Rene Russo,/name/nm0000623,https://www.imdb.com/name/nm0000623
80,181.,Whoopi Goldberg,/name/nm0000155,https://www.imdb.com/name/nm0000155
81,182.,Annette Bening,/name/nm0000906,https://www.imdb.com/name/nm0000906
82,183.,Maggie Smith,/name/nm0001749,https://www.imdb.com/name/nm0001749
83,184.,Barbra Streisand,/name/nm0000659,https://www.imdb.com/name/nm0000659
84,185.,Jennifer Lawrence,/name/nm2225369,https://www.imdb.com/name/nm2225369
85,186.,Joanne Woodward,/name/nm0940946,https://www.imdb.com/name/nm0940946
86,187.,Mercedes McCambridge,/name/nm0564790,https://www.imdb.com/name/nm0564790
87,188.,Anjelica Huston,/name/nm0001378,https://www.imdb.com/name/nm0001378
88,189.,Dianne Wiest,/name/nm0001848,https://www.imdb.com/name/nm0001848
89,190.,Goldie Hawn,/name/nm0000443,https://www.imdb.com/name/nm0000443
90,191.,Claudia Cardinale,/name/nm0001012,https://www.imdb.com/name/nm0001012
91,192.,Gwyneth Paltrow,/name/nm0000569,https://www.imdb.com/name/nm0000569
92,193.,Charlize Theron,/name/nm0000234,https://www.imdb.com/name/nm0000234
93,194.,Debra Winger,/name/nm0000700,https://www.imdb.com/name/nm0000700
94,195.,Marion Cotillard,/name/nm0182839,https://www.imdb.com/name/nm0182839
95,196.,Christina Ricci,/name/nm0000207,https://www.imdb.com/name/nm0000207
96,197.,Juliette Binoche,/name/nm0000300,https://www.imdb.com/name/nm0000300
97,198.,Daryl Hannah,/name/nm0000435,https://www.imdb.com/name/nm0000435
98,199.,Shirley Booth,/name/nm0095804,https://www.imdb.com/name/nm0095804
99,200.,Reese Witherspoon,/name/nm0000702,https://www.imdb.com/name/nm0000702
0,201.,Benicio Del Toro,/name/nm0001125,https://www.imdb.com/name/nm0001125
1,202.,Kevin Bacon,/name/nm0000102,https://www.imdb.com/name/nm0000102
2,203.,Patrick Swayze,/name/nm0000664,https://www.imdb.com/name/nm0000664
3,204.,Michael Caine,/name/nm0000323,https://www.imdb.com/name/nm0000323
4,205.,Robert Duvall,/name/nm0000380,https://www.imdb.com/name/nm0000380
5,206.,Burt Lancaster,/name/nm0000044,https://www.imdb.com/name/nm0000044
6,207.,Robert Mitchum,/name/nm0000053,https://www.imdb.com/name/nm0000053
7,208.,Colin Farrell,/name/nm0268199,https://www.imdb.com/name/nm0268199
8,209.,William Holden,/name/nm0000034,https://www.imdb.com/name/nm0000034
9,210.,Edward G. Robinson,/name/nm0000064,https://www.imdb.com/name/nm0000064
10,211.,William Powell,/name/nm0001635,https://www.imdb.com/name/nm0001635
11,212.,Jared Leto,/name/nm0001467,https://www.imdb.com/name/nm0001467
12,213.,Errol Flynn,/name/nm0001224,https://www.imdb.com/name/nm0001224
13,214.,Groucho Marx,/name/nm0000050,https://www.imdb.com/name/nm0000050
14,215.,James Mason,/name/nm0000051,https://www.imdb.com/name/nm0000051
15,216.,Buster Keaton,/name/nm0000036,https://www.imdb.com/name/nm0000036
16,217.,Orson Welles,/name/nm0000080,https://www.imdb.com/name/nm0000080
17,218.,Fred Astaire,/name/nm0000001,https://www.imdb.com/name/nm0000001
18,219.,Bradley Cooper,/name/nm0177896,https://www.imdb.com/name/nm0177896
19,220.,Gary Oldman,/name/nm0000198,https://www.imdb.com/name/nm0000198
20,221.,Jude Law,/name/nm0000179,https://www.imdb.com/name/nm0000179
21,222.,Paul Giamatti,/name/nm0316079,https://www.imdb.com/name/nm0316079
22,223.,Liam Neeson,/name/nm0000553,https://www.imdb.com/name/nm0000553
23,224.,Matt Damon,/name/nm0000354,https://www.imdb.com/name/nm0000354
24,225.,Michael Fassbender,/name/nm1055413,https://www.imdb.com/name/nm1055413
25,226.,Carol Burnett,/name/nm0000993,https://www.imdb.com/name/nm0000993
26,227.,Jessica Tandy,/name/nm0001788,https://www.imdb.com/name/nm0001788
27,228.,Helen Hunt,/name/nm0000166,https://www.imdb.com/name/nm0000166
28,229.,Patricia Arquette,/name/nm0000099,https://www.imdb.com/name/nm0000099
29,230.,Carmen Miranda,/name/nm0000544,https://www.imdb.com/name/nm0000544
30,231.,Kate Hudson,/name/nm0005028,https://www.imdb.com/name/nm0005028
31,232.,Catherine Zeta-Jones,/name/nm0001876,https://www.imdb.com/name/nm0001876
32,233.,Cameron Diaz,/name/nm0000139,https://www.imdb.com/name/nm0000139
33,234.,Debbie Reynolds,/name/nm0001666,https://www.imdb.com/name/nm0001666
34,235.,Ellen Burstyn,/name/nm0000995,https://www.imdb.com/name/nm0000995
35,236.,Maureen O'Hara,/name/nm0000058,https://www.imdb.com/name/nm0000058
36,237.,Myrna Loy,/name/nm0001485,https://www.imdb.com/name/nm0001485
37,238.,Lena Headey,/name/nm0372176,https://www.imdb.com/name/nm0372176
38,239.,Toni Collette,/name/nm0001057,https://www.imdb.com/name/nm0001057
39,240.,Laura Linney,/name/nm0001473,https://www.imdb.com/name/nm0001473
40,241.,Marlene Dietrich,/name/nm0000017,https://www.imdb.com/name/nm0000017
41,242.,Carole Lombard,/name/nm0001479,https://www.imdb.com/name/nm0001479
42,243.,Jean Arthur,/name/nm0000795,https://www.imdb.com/name/nm0000795
43,244.,Jean Harlow,/name/nm0001318,https://www.imdb.com/name/nm0001318
44,245.,Ginger Rogers,/name/nm0001677,https://www.imdb.com/name/nm0001677
45,246.,Mary Pickford,/name/nm0681933,https://www.imdb.com/name/nm0681933
46,247.,Mae West,/name/nm0922213,https://www.imdb.com/name/nm0922213
47,248.,Gillian Anderson,/name/nm0000096,https://www.imdb.com/name/nm0000096
48,249.,Emma Watson,/name/nm0914612,https://www.imdb.com/name/nm0914612
49,250.,Meg Ryan,/name/nm0000212,https://www.imdb.com/name/nm0000212
50,251.,Alan Arkin,/name/nm0000273,https://www.imdb.com/name/nm0000273
51,252.,Kurt Russell,/name/nm0000621,https://www.imdb.com/name/nm0000621
52,253.,Jake Gyllenhaal,/name/nm0350453,https://www.imdb.com/name/nm0350453
53,254.,Ryan Gosling,/name/nm0331516,https://www.imdb.com/name/nm0331516
54,255.,Colin Firth,/name/nm0000147,https://www.imdb.com/name/nm0000147
55,256.,Jamie Foxx,/name/nm0004937,https://www.imdb.com/name/nm0004937
56,257.,Adrien Brody,/name/nm0004778,https://www.imdb.com/name/nm0004778
57,258.,Roberto Benigni,/name/nm0000905,https://www.imdb.com/name/nm0000905
58,259.,Jeremy Irons,/name/nm0000460,https://www.imdb.com/name/nm0000460
59,260.,F. Murray Abraham,/name/nm0000719,https://www.imdb.com/name/nm0000719
60,261.,Richard Dreyfuss,/name/nm0000377,https://www.imdb.com/name/nm0000377
61,262.,Peter Finch,/name/nm0002075,https://www.imdb.com/name/nm0002075
62,263.,Art Carney,/name/nm0138770,https://www.imdb.com/name/nm0138770
63,264.,Cliff Robertson,/name/nm0731772,https://www.imdb.com/name/nm0731772
64,265.,Lee Marvin,/name/nm0001511,https://www.imdb.com/name/nm0001511
65,266.,Rex Harrison,/name/nm0001322,https://www.imdb.com/name/nm0001322
66,267.,Anthony Quinn,/name/nm0000063,https://www.imdb.com/name/nm0000063
67,268.,Maximilian Schell,/name/nm0001703,https://www.imdb.com/name/nm0001703
68,269.,Tom Hardy,/name/nm0362766,https://www.imdb.com/name/nm0362766
69,270.,David Niven,/name/nm0000057,https://www.imdb.com/name/nm0000057
70,271.,William Hurt,/name/nm0000458,https://www.imdb.com/name/nm0000458
71,272.,Yul Brynner,/name/nm0000989,https://www.imdb.com/name/nm0000989
72,273.,Ernest Borgnine,/name/nm0000308,https://www.imdb.com/name/nm0000308
73,274.,Benedict Cumberbatch,/name/nm1212722,https://www.imdb.com/name/nm1212722
74,275.,Rod Steiger,/name/nm0001768,https://www.imdb.com/name/nm0001768
75,276.,Chloë Grace Moretz,/name/nm1631269,https://www.imdb.com/name/nm1631269
76,277.,Anna Kendrick,/name/nm0447695,https://www.imdb.com/name/nm0447695
77,278.,Emily Watson,/name/nm0001833,https://www.imdb.com/name/nm0001833
78,279.,Helena Bonham Carter,/name/nm0000307,https://www.imdb.com/name/nm0000307
79,280.,Keira Knightley,/name/nm0461136,https://www.imdb.com/name/nm0461136
80,281.,Alexis Thorpe,/name/nm0005490,https://www.imdb.com/name/nm0005490
81,282.,Marion Davies,/name/nm0203836,https://www.imdb.com/name/nm0203836
82,283.,Scarlett Johansson,/name/nm0424060,https://www.imdb.com/name/nm0424060
83,284.,Dakota Fanning,/name/nm0266824,https://www.imdb.com/name/nm0266824
84,285.,Jennifer Aniston,/name/nm0000098,https://www.imdb.com/name/nm0000098
85,286.,Jennifer Connelly,/name/nm0000124,https://www.imdb.com/name/nm0000124
86,287.,Rachel McAdams,/name/nm1046097,https://www.imdb.com/name/nm1046097
87,288.,Carey Mulligan,/name/nm1659547,https://www.imdb.com/name/nm1659547
88,289.,Mila Kunis,/name/nm0005109,https://www.imdb.com/name/nm0005109
89,290.,Amanda Seyfried,/name/nm1086543,https://www.imdb.com/name/nm1086543
90,291.,Jennifer Lopez,/name/nm0000182,https://www.imdb.com/name/nm0000182
91,292.,Neve Campbell,/name/nm0000117,https://www.imdb.com/name/nm0000117
92,293.,Fairuza Balk,/name/nm0000103,https://www.imdb.com/name/nm0000103
93,294.,Jessica Alba,/name/nm0004695,https://www.imdb.com/name/nm0004695
94,295.,Kristen Stewart,/name/nm0829576,https://www.imdb.com/name/nm0829576
95,296.,Julie Walters,/name/nm0910278,https://www.imdb.com/name/nm0910278
96,297.,Rooney Mara,/name/nm1913734,https://www.imdb.com/name/nm1913734
97,298.,Jamie Lee Curtis,/name/nm0000130,https://www.imdb.com/name/nm0000130
98,299.,Emma Stone,/name/nm1297015,https://www.imdb.com/name/nm1297015
99,300.,Kirsten Dunst,/name/nm0000379,https://www.imdb.com/name/nm0000379
0,301.,José Ferrer,/name/nm0001207,https://www.imdb.com/name/nm0001207
1,302.,Broderick Crawford,/name/nm0002024,https://www.imdb.com/name/nm0002024
2,303.,Ronald Colman,/name/nm0172903,https://www.imdb.com/name/nm0172903
3,304.,Fredric March,/name/nm0545298,https://www.imdb.com/name/nm0545298
4,305.,Ray Milland,/name/nm0001537,https://www.imdb.com/name/nm0001537
5,306.,Bing Crosby,/name/nm0001078,https://www.imdb.com/name/nm0001078
6,307.,Paul Lukas,/name/nm0510134,https://www.imdb.com/name/nm0510134
7,308.,Robert Donat,/name/nm0232196,https://www.imdb.com/name/nm0232196
8,309.,Paul Muni,/name/nm0612847,https://www.imdb.com/name/nm0612847
9,310.,Victor McLaglen,/name/nm0572142,https://www.imdb.com/name/nm0572142
10,311.,Charles Laughton,/name/nm0001452,https://www.imdb.com/name/nm0001452
11,312.,Wallace Beery,/name/nm0000891,https://www.imdb.com/name/nm0000891
12,313.,Lionel Barrymore,/name/nm0000859,https://www.imdb.com/name/nm0000859
13,314.,Jeff Goldblum,/name/nm0000156,https://www.imdb.com/name/nm0000156
14,315.,Chris Hemsworth,/name/nm1165110,https://www.imdb.com/name/nm1165110
15,316.,Warner Baxter,/name/nm0062828,https://www.imdb.com/name/nm0062828
16,317.,Emil Jannings,/name/nm0417837,https://www.imdb.com/name/nm0417837
17,318.,Chris Cooper,/name/nm0177933,https://www.imdb.com/name/nm0177933
18,319.,Jim Broadbent,/name/nm0000980,https://www.imdb.com/name/nm0000980
19,320.,James Coburn,/name/nm0000336,https://www.imdb.com/name/nm0000336
20,321.,Cuba Gooding Jr.,/name/nm0000421,https://www.imdb.com/name/nm0000421
21,322.,Martin Landau,/name/nm0001445,https://www.imdb.com/name/nm0001445
22,323.,Jack Palance,/name/nm0001588,https://www.imdb.com/name/nm0001588
23,324.,Kevin Kline,/name/nm0000177,https://www.imdb.com/name/nm0000177
24,325.,Don Ameche,/name/nm0000747,https://www.imdb.com/name/nm0000747
25,326.,Kate Beckinsale,/name/nm0000295,https://www.imdb.com/name/nm0000295
26,327.,Zooey Deschanel,/name/nm0221046,https://www.imdb.com/name/nm0221046
27,328.,Michelle Williams,/name/nm0931329,https://www.imdb.com/name/nm0931329
28,329.,Milla Jovovich,/name/nm0000170,https://www.imdb.com/name/nm0000170
29,330.,Selena Gomez,/name/nm1411125,https://www.imdb.com/name/nm1411125
30,331.,Rachel Weisz,/name/nm0001838,https://www.imdb.com/name/nm0001838
31,332.,Kristen Bell,/name/nm0068338,https://www.imdb.com/name/nm0068338
32,333.,Katherine Heigl,/name/nm0001337,https://www.imdb.com/name/nm0001337
33,334.,Liv Tyler,/name/nm0000239,https://www.imdb.com/name/nm0000239
34,335.,Jessica Chastain,/name/nm1567113,https://www.imdb.com/name/nm1567113
35,336.,Megan Fox,/name/nm1083271,https://www.imdb.com/name/nm1083271
36,337.,Betty White,/name/nm0924508,https://www.imdb.com/name/nm0924508
37,338.,Geraldine Page,/name/nm0656183,https://www.imdb.com/name/nm0656183
38,339.,Eliza Dushku,/name/nm0244630,https://www.imdb.com/name/nm0244630
39,340.,Robin Wright,/name/nm0000705,https://www.imdb.com/name/nm0000705
40,341.,Leighton Meester,/name/nm1015262,https://www.imdb.com/name/nm1015262
41,342.,Jennifer Jones,/name/nm0428354,https://www.imdb.com/name/nm0428354
42,343.,Shirley Temple,/name/nm0000073,https://www.imdb.com/name/nm0000073
43,344.,Julia Louis-Dreyfus,/name/nm0000506,https://www.imdb.com/name/nm0000506
44,345.,Olivia Thirlby,/name/nm1880888,https://www.imdb.com/name/nm1880888
45,346.,Cher,/name/nm0000333,https://www.imdb.com/name/nm0000333
46,347.,Sissy Spacek,/name/nm0000651,https://www.imdb.com/name/nm0000651
47,348.,Louise Fletcher,/name/nm0001221,https://www.imdb.com/name/nm0001221
48,349.,Julie Christie,/name/nm0001046,https://www.imdb.com/name/nm0001046
49,350.,Patricia Neal,/name/nm0623658,https://www.imdb.com/name/nm0623658
50,351.,Haing S. Ngor,/name/nm0628955,https://www.imdb.com/name/nm0628955
51,352.,Louis Gossett Jr.,/name/nm0001283,https://www.imdb.com/name/nm0001283
52,353.,John Gielgud,/name/nm0000024,https://www.imdb.com/name/nm0000024
53,354.,Timothy Hutton,/name/nm0000459,https://www.imdb.com/name/nm0000459
54,355.,Melvyn Douglas,/name/nm0002048,https://www.imdb.com/name/nm0002048
55,356.,Jason Robards,/name/nm0001673,https://www.imdb.com/name/nm0001673
56,357.,George Burns,/name/nm0122675,https://www.imdb.com/name/nm0122675
57,358.,Christian Bale,/name/nm0000288,https://www.imdb.com/name/nm0000288
58,359.,Ethan Hawke,/name/nm0000160,https://www.imdb.com/name/nm0000160
59,360.,Ben Johnson,/name/nm0424565,https://www.imdb.com/name/nm0424565
60,361.,John Mills,/name/nm0590055,https://www.imdb.com/name/nm0590055
61,362.,Jack Albertson,/name/nm0016776,https://www.imdb.com/name/nm0016776
62,363.,Sean Penn,/name/nm0000576,https://www.imdb.com/name/nm0000576
63,364.,George Kennedy,/name/nm0001421,https://www.imdb.com/name/nm0001421
64,365.,Walter Matthau,/name/nm0000527,https://www.imdb.com/name/nm0000527
65,366.,Martin Balsam,/name/nm0000842,https://www.imdb.com/name/nm0000842
66,367.,Peter Ustinov,/name/nm0001811,https://www.imdb.com/name/nm0001811
67,368.,Ed Begley,/name/nm0003225,https://www.imdb.com/name/nm0003225
68,369.,George Chakiris,/name/nm0001995,https://www.imdb.com/name/nm0001995
69,370.,Hugh Griffith,/name/nm0341518,https://www.imdb.com/name/nm0341518
70,371.,Burl Ives,/name/nm0412322,https://www.imdb.com/name/nm0412322
71,372.,Red Buttons,/name/nm0000999,https://www.imdb.com/name/nm0000999
72,373.,Edmond O'Brien,/name/nm0639529,https://www.imdb.com/name/nm0639529
73,374.,Chris Pratt,/name/nm0695435,https://www.imdb.com/name/nm0695435
74,375.,Frank Sinatra,/name/nm0000069,https://www.imdb.com/name/nm0000069
75,376.,Anne Bancroft,/name/nm0000843,https://www.imdb.com/name/nm0000843
76,377.,Kim Novak,/name/nm0001571,https://www.imdb.com/name/nm0001571
77,378.,Simone Signoret,/name/nm0797531,https://www.imdb.com/name/nm0797531
78,379.,Elliot Page,/name/nm0680983,https://www.imdb.com/name/nm0680983
79,380.,Angela Lansbury,/name/nm0001450,https://www.imdb.com/name/nm0001450
80,381.,Judy Holliday,/name/nm0391062,https://www.imdb.com/name/nm0391062
81,382.,Loretta Young,/name/nm0949835,https://www.imdb.com/name/nm0949835
82,383.,Shirley Jones,/name/nm0429250,https://www.imdb.com/name/nm0429250
83,384.,Vera Farmiga,/name/nm0267812,https://www.imdb.com/name/nm0267812
84,385.,Helen Hayes,/name/nm0371040,https://www.imdb.com/name/nm0371040
85,386.,Marie Dressler,/name/nm0237597,https://www.imdb.com/name/nm0237597
86,387.,Janet Gaynor,/name/nm0310980,https://www.imdb.com/name/nm0310980
87,388.,Lupita Nyong'o,/name/nm2143282,https://www.imdb.com/name/nm2143282
88,389.,Octavia Spencer,/name/nm0818055,https://www.imdb.com/name/nm0818055
89,390.,Melissa Leo,/name/nm0502425,https://www.imdb.com/name/nm0502425
90,391.,Mo'Nique,/name/nm0594898,https://www.imdb.com/name/nm0594898
91,392.,Marlee Matlin,/name/nm0559144,https://www.imdb.com/name/nm0559144
92,393.,Tilda Swinton,/name/nm0842770,https://www.imdb.com/name/nm0842770
93,394.,Jennifer Hudson,/name/nm1617685,https://www.imdb.com/name/nm1617685
94,395.,Renée Zellweger,/name/nm0000250,https://www.imdb.com/name/nm0000250
95,396.,Marcia Gay Harden,/name/nm0001315,https://www.imdb.com/name/nm0001315
96,397.,Anna Paquin,/name/nm0001593,https://www.imdb.com/name/nm0001593
97,398.,Marisa Tomei,/name/nm0000673,https://www.imdb.com/name/nm0000673
98,399.,Mercedes Ruehl,/name/nm0001689,https://www.imdb.com/name/nm0001689
99,400.,Brenda Fricker,/name/nm0002084,https://www.imdb.com/name/nm0002084
0,401.,Jean Reno,/name/nm0000606,https://www.imdb.com/name/nm0000606
1,402.,George Sanders,/name/nm0001695,https://www.imdb.com/name/nm0001695
2,403.,Dean Jagger,/name/nm0415591,https://www.imdb.com/name/nm0415591
3,404.,Walter Huston,/name/nm0404158,https://www.imdb.com/name/nm0404158
4,405.,Edmund Gwenn,/name/nm0350324,https://www.imdb.com/name/nm0350324
5,406.,Harold Russell,/name/nm0751174,https://www.imdb.com/name/nm0751174
6,407.,Hugh Grant,/name/nm0000424,https://www.imdb.com/name/nm0000424
7,408.,Barry Fitzgerald,/name/nm0280178,https://www.imdb.com/name/nm0280178
8,409.,Charles Coburn,/name/nm0002013,https://www.imdb.com/name/nm0002013
9,410.,Van Heflin,/name/nm0001336,https://www.imdb.com/name/nm0001336
10,411.,Donald Crisp,/name/nm0187981,https://www.imdb.com/name/nm0187981
11,412.,Thomas Mitchell,/name/nm0593775,https://www.imdb.com/name/nm0593775
12,413.,Walter Brennan,/name/nm0000974,https://www.imdb.com/name/nm0000974
13,414.,Joseph Schildkraut,/name/nm0771584,https://www.imdb.com/name/nm0771584
14,415.,Keanu Reeves,/name/nm0000206,https://www.imdb.com/name/nm0000206
15,416.,Channing Tatum,/name/nm1475594,https://www.imdb.com/name/nm1475594
16,417.,Hugh Jackman,/name/nm0413168,https://www.imdb.com/name/nm0413168
17,418.,Dwayne Johnson,/name/nm0425005,https://www.imdb.com/name/nm0425005
18,419.,Adam Sandler,/name/nm0001191,https://www.imdb.com/name/nm0001191
19,420.,Daniel Radcliffe,/name/nm0705356,https://www.imdb.com/name/nm0705356
20,421.,Daniel Craig,/name/nm0185819,https://www.imdb.com/name/nm0185819
21,422.,Henry Cavill,/name/nm0147147,https://www.imdb.com/name/nm0147147
22,423.,Vin Diesel,/name/nm0004874,https://www.imdb.com/name/nm0004874
23,424.,Ben Affleck,/name/nm0000255,https://www.imdb.com/name/nm0000255
24,425.,Chris Pine,/name/nm1517976,https://www.imdb.com/name/nm1517976
25,426.,Olympia Dukakis,/name/nm0001156,https://www.imdb.com/name/nm0001156
26,427.,Peggy Ashcroft,/name/nm0001919,https://www.imdb.com/name/nm0001919
27,428.,Linda Hunt,/name/nm0001373,https://www.imdb.com/name/nm0001373
28,429.,Maureen Stapleton,/name/nm0822972,https://www.imdb.com/name/nm0822972
29,430.,Mary Steenburgen,/name/nm0005460,https://www.imdb.com/name/nm0005460
30,431.,Beatrice Straight,/name/nm0833152,https://www.imdb.com/name/nm0833152
31,432.,Vanessa Redgrave,/name/nm0000603,https://www.imdb.com/name/nm0000603
32,433.,Lee Grant,/name/nm0335519,https://www.imdb.com/name/nm0335519
33,434.,Eileen Heckart,/name/nm0373012,https://www.imdb.com/name/nm0373012
34,435.,Cloris Leachman,/name/nm0001458,https://www.imdb.com/name/nm0001458
35,436.,Ruth Gordon,/name/nm0002106,https://www.imdb.com/name/nm0002106
36,437.,Estelle Parsons,/name/nm0663820,https://www.imdb.com/name/nm0663820
37,438.,Sandy Dennis,/name/nm0006800,https://www.imdb.com/name/nm0006800
38,439.,Shelley Winters,/name/nm0001859,https://www.imdb.com/name/nm0001859
39,440.,Maggie Gyllenhaal,/name/nm0350454,https://www.imdb.com/name/nm0350454
40,441.,Katie Holmes,/name/nm0005017,https://www.imdb.com/name/nm0005017
41,442.,Patty Duke,/name/nm0001157,https://www.imdb.com/name/nm0001157
42,443.,Rita Moreno,/name/nm0001549,https://www.imdb.com/name/nm0001549
43,444.,Wendy Hiller,/name/nm0384908,https://www.imdb.com/name/nm0384908
44,445.,Miyoshi Umeki,/name/nm0880855,https://www.imdb.com/name/nm0880855
45,446.,Dorothy Malone,/name/nm0540416,https://www.imdb.com/name/nm0540416
46,447.,Jo Van Fleet,/name/nm0886888,https://www.imdb.com/name/nm0886888
47,448.,Eva Marie Saint,/name/nm0001693,https://www.imdb.com/name/nm0001693
48,449.,Gloria Grahame,/name/nm0002108,https://www.imdb.com/name/nm0002108
49,450.,Kim Hunter,/name/nm0001375,https://www.imdb.com/name/nm0001375
50,451.,Lee J. Cobb,/name/nm0002011,https://www.imdb.com/name/nm0002011
51,452.,Andrew Garfield,/name/nm1940449,https://www.imdb.com/name/nm1940449
52,453.,John Cazale,/name/nm0001030,https://www.imdb.com/name/nm0001030
53,454.,Jeremy Renner,/name/nm0719637,https://www.imdb.com/name/nm0719637
54,455.,Steve Carell,/name/nm0136797,https://www.imdb.com/name/nm0136797
55,456.,Jean Dujardin,/name/nm0241121,https://www.imdb.com/name/nm0241121
56,457.,Chris Evans,/name/nm0262635,https://www.imdb.com/name/nm0262635
57,458.,James Franco,/name/nm0290556,https://www.imdb.com/name/nm0290556
58,459.,Zach Galifianakis,/name/nm0302108,https://www.imdb.com/name/nm0302108
59,460.,Will Ferrell,/name/nm0002071,https://www.imdb.com/name/nm0002071
60,461.,Shia LaBeouf,/name/nm0479471,https://www.imdb.com/name/nm0479471
61,462.,Seth Rogen,/name/nm0736622,https://www.imdb.com/name/nm0736622
62,463.,Joseph Gordon-Levitt,/name/nm0330687,https://www.imdb.com/name/nm0330687
63,464.,Ryan Reynolds,/name/nm0005351,https://www.imdb.com/name/nm0005351
64,465.,Paul Rudd,/name/nm0748620,https://www.imdb.com/name/nm0748620
65,466.,Jason Segel,/name/nm0781981,https://www.imdb.com/name/nm0781981
66,467.,Jason Statham,/name/nm0005458,https://www.imdb.com/name/nm0005458
67,468.,Dick Van Dyke,/name/nm0001813,https://www.imdb.com/name/nm0001813
68,469.,Jesse Eisenberg,/name/nm0251986,https://www.imdb.com/name/nm0251986
69,470.,Owen Wilson,/name/nm0005562,https://www.imdb.com/name/nm0005562
70,471.,Jason Bateman,/name/nm0000867,https://www.imdb.com/name/nm0000867
71,472.,Tyler Perry,/name/nm1347153,https://www.imdb.com/name/nm1347153
72,473.,Liam Hemsworth,/name/nm2955013,https://www.imdb.com/name/nm2955013
73,474.,William Shatner,/name/nm0000638,https://www.imdb.com/name/nm0000638
74,475.,Gene Wilder,/name/nm0000698,https://www.imdb.com/name/nm0000698
75,476.,Thora Birch,/name/nm0000301,https://www.imdb.com/name/nm0000301
76,477.,Claire Trevor,/name/nm0872456,https://www.imdb.com/name/nm0872456
77,478.,Celeste Holm,/name/nm0002141,https://www.imdb.com/name/nm0002141
78,479.,Anne Baxter,/name/nm0000879,https://www.imdb.com/name/nm0000879
79,480.,Queen Latifah,/name/nm0001451,https://www.imdb.com/name/nm0001451
80,481.,Ethel Barrymore,/name/nm0000856,https://www.imdb.com/name/nm0000856
81,482.,Rosario Dawson,/name/nm0206257,https://www.imdb.com/name/nm0206257
82,483.,Teresa Wright,/name/nm0942863,https://www.imdb.com/name/nm0942863
83,484.,Mary Astor,/name/nm0000802,https://www.imdb.com/name/nm0000802
84,485.,Jane Darwell,/name/nm0002034,https://www.imdb.com/name/nm0002034
85,486.,Alicia Vikander,/name/nm2539953,https://www.imdb.com/name/nm2539953
86,487.,Mia Wasikowska,/name/nm1985859,https://www.imdb.com/name/nm1985859
87,488.,Abigail Breslin,/name/nm1113550,https://www.imdb.com/name/nm1113550
88,489.,Gale Sondergaard,/name/nm0814216,https://www.imdb.com/name/nm0814216
89,490.,Melissa McCarthy,/name/nm0565250,https://www.imdb.com/name/nm0565250
90,491.,Tina Fey,/name/nm0275486,https://www.imdb.com/name/nm0275486
91,492.,Zoe Saldana,/name/nm0757855,https://www.imdb.com/name/nm0757855
92,493.,Elisabeth Moss,/name/nm0005253,https://www.imdb.com/name/nm0005253
93,494.,Adrianne Palicki,/name/nm1597316,https://www.imdb.com/name/nm1597316
94,495.,Jennifer Garner,/name/nm0004950,https://www.imdb.com/name/nm0004950
95,496.,Kristen Wiig,/name/nm1325419,https://www.imdb.com/name/nm1325419
96,497.,June Squibb,/name/nm0820053,https://www.imdb.com/name/nm0820053
97,498.,Sally Hawkins,/name/nm1020089,https://www.imdb.com/name/nm1020089
98,499.,Kaley Cuoco,/name/nm0192505,https://www.imdb.com/name/nm0192505
99,500.,Naomi Watts,/name/nm0915208,https://www.imdb.com/name/nm0915208
0,501.,Robert Pattinson,/name/nm1500155,https://www.imdb.com/name/nm1500155
1,502.,Charlie Hunnam,/name/nm0402271,https://www.imdb.com/name/nm0402271
2,503.,Nicholas Hoult,/name/nm0396558,https://www.imdb.com/name/nm0396558
3,504.,Aaron Taylor-Johnson,/name/nm1093951,https://www.imdb.com/name/nm1093951
4,505.,Bryan Cranston,/name/nm0186505,https://www.imdb.com/name/nm0186505
5,506.,Gerard Butler,/name/nm0124930,https://www.imdb.com/name/nm0124930
6,507.,Paul Walker,/name/nm0908094,https://www.imdb.com/name/nm0908094
7,508.,Karl Urban,/name/nm0881631,https://www.imdb.com/name/nm0881631
8,509.,Logan Lerman,/name/nm0503567,https://www.imdb.com/name/nm0503567
9,510.,Dave Franco,/name/nm2002649,https://www.imdb.com/name/nm2002649
10,511.,Tom Hiddleston,/name/nm1089991,https://www.imdb.com/name/nm1089991
11,512.,Peter Dinklage,/name/nm0227759,https://www.imdb.com/name/nm0227759
12,513.,Taylor Kitsch,/name/nm2018237,https://www.imdb.com/name/nm2018237
13,514.,Edward Norton,/name/nm0001570,https://www.imdb.com/name/nm0001570
14,515.,Guy Pearce,/name/nm0001602,https://www.imdb.com/name/nm0001602
15,516.,Mark Ruffalo,/name/nm0749263,https://www.imdb.com/name/nm0749263
16,517.,Mickey Rourke,/name/nm0000620,https://www.imdb.com/name/nm0000620
17,518.,Frank Langella,/name/nm0001449,https://www.imdb.com/name/nm0001449
18,519.,Eddie Redmayne,/name/nm1519666,https://www.imdb.com/name/nm1519666
19,520.,David Strathairn,/name/nm0000657,https://www.imdb.com/name/nm0000657
20,521.,Terrence Howard,/name/nm0005024,https://www.imdb.com/name/nm0005024
21,522.,Ralph Fiennes,/name/nm0000146,https://www.imdb.com/name/nm0000146
22,523.,Tom Wilkinson,/name/nm0929489,https://www.imdb.com/name/nm0929489
23,524.,Richard Farnsworth,/name/nm0002070,https://www.imdb.com/name/nm0002070
24,525.,Nick Nolte,/name/nm0000560,https://www.imdb.com/name/nm0000560
25,526.,AnnaSophia Robb,/name/nm1455681,https://www.imdb.com/name/nm1455681
26,527.,Gemma Arterton,/name/nm2605345,https://www.imdb.com/name/nm2605345
27,528.,Olivia Wilde,/name/nm1312575,https://www.imdb.com/name/nm1312575
28,529.,Isla Fisher,/name/nm0279545,https://www.imdb.com/name/nm0279545
29,530.,Shailene Woodley,/name/nm0940362,https://www.imdb.com/name/nm0940362
30,531.,Rebel Wilson,/name/nm2313103,https://www.imdb.com/name/nm2313103
31,532.,Emma Roberts,/name/nm0731075,https://www.imdb.com/name/nm0731075
32,533.,Amber Heard,/name/nm1720028,https://www.imdb.com/name/nm1720028
33,534.,Teresa Palmer,/name/nm1954240,https://www.imdb.com/name/nm1954240
34,535.,Saoirse Ronan,/name/nm1519680,https://www.imdb.com/name/nm1519680
35,536.,Elizabeth Banks,/name/nm0006969,https://www.imdb.com/name/nm0006969
36,537.,Ida Lupino,/name/nm0526946,https://www.imdb.com/name/nm0526946
37,538.,Natalie Dormer,/name/nm1754059,https://www.imdb.com/name/nm1754059
38,539.,Brittany Snow,/name/nm0811242,https://www.imdb.com/name/nm0811242
39,540.,Kate Mara,/name/nm0544718,https://www.imdb.com/name/nm0544718
40,541.,Julianne Hough,/name/nm2584600,https://www.imdb.com/name/nm2584600
41,542.,Lily Collins,/name/nm2934314,https://www.imdb.com/name/nm2934314
42,543.,Cobie Smulders,/name/nm1130627,https://www.imdb.com/name/nm1130627
43,544.,Alice Eve,/name/nm1404408,https://www.imdb.com/name/nm1404408
44,545.,Jamie Chung,/name/nm1512166,https://www.imdb.com/name/nm1512166
45,546.,Noomi Rapace,/name/nm0636426,https://www.imdb.com/name/nm0636426
46,547.,Blake Lively,/name/nm0515116,https://www.imdb.com/name/nm0515116
47,548.,Maggie Grace,/name/nm1192254,https://www.imdb.com/name/nm1192254
48,549.,Jessica Biel,/name/nm0004754,https://www.imdb.com/name/nm0004754
49,550.,Eva Green,/name/nm1200692,https://www.imdb.com/name/nm1200692
50,551.,Peter Fonda,/name/nm0001228,https://www.imdb.com/name/nm0001228
51,552.,Woody Harrelson,/name/nm0000437,https://www.imdb.com/name/nm0000437
52,553.,Billy Bob Thornton,/name/nm0000671,https://www.imdb.com/name/nm0000671
53,554.,Idris Elba,/name/nm0252961,https://www.imdb.com/name/nm0252961
54,555.,Nigel Hawthorne,/name/nm0001329,https://www.imdb.com/name/nm0001329
55,556.,Laurence Fishburne,/name/nm0000401,https://www.imdb.com/name/nm0000401
56,557.,Stephen Rea,/name/nm0001653,https://www.imdb.com/name/nm0001653
57,558.,Warren Beatty,/name/nm0000886,https://www.imdb.com/name/nm0000886
58,559.,Richard Harris,/name/nm0001321,https://www.imdb.com/name/nm0001321
59,560.,John Cusack,/name/nm0000131,https://www.imdb.com/name/nm0000131
60,561.,Kenneth Branagh,/name/nm0000110,https://www.imdb.com/name/nm0000110
61,562.,Edward James Olmos,/name/nm0001579,https://www.imdb.com/name/nm0001579
62,563.,Max von Sydow,/name/nm0001884,https://www.imdb.com/name/nm0001884
63,564.,Bruce Dern,/name/nm0001136,https://www.imdb.com/name/nm0001136
64,565.,Bob Hoskins,/name/nm0001364,https://www.imdb.com/name/nm0001364
65,566.,James Woods,/name/nm0000249,https://www.imdb.com/name/nm0000249
66,567.,John Hawkes,/name/nm0370035,https://www.imdb.com/name/nm0370035
67,568.,James Garner,/name/nm0001258,https://www.imdb.com/name/nm0001258
68,569.,Sam Waterston,/name/nm0001832,https://www.imdb.com/name/nm0001832
69,570.,Tom Hulce,/name/nm0001371,https://www.imdb.com/name/nm0001371
70,571.,Albert Finney,/name/nm0001215,https://www.imdb.com/name/nm0001215
71,572.,Tom Conti,/name/nm0002018,https://www.imdb.com/name/nm0002018
72,573.,Tom Courtenay,/name/nm0183822,https://www.imdb.com/name/nm0183822
73,574.,Dudley Moore,/name/nm0001545,https://www.imdb.com/name/nm0001545
74,575.,John Hurt,/name/nm0000457,https://www.imdb.com/name/nm0000457
75,576.,Kat Dennings,/name/nm0993507,https://www.imdb.com/name/nm0993507
76,577.,Priyanka Chopra Jonas,/name/nm1231899,https://www.imdb.com/name/nm1231899
77,578.,Emmanuelle Riva,/name/nm0728938,https://www.imdb.com/name/nm0728938
78,579.,Greta Gerwig,/name/nm1950086,https://www.imdb.com/name/nm1950086
79,580.,Brie Larson,/name/nm0488953,https://www.imdb.com/name/nm0488953
80,581.,Jessica Lucas,/name/nm1140300,https://www.imdb.com/name/nm1140300
81,582.,Maria Falconetti,/name/nm0266029,https://www.imdb.com/name/nm0266029
82,583.,Greer Garson,/name/nm0002093,https://www.imdb.com/name/nm0002093
83,584.,Rosalind Russell,/name/nm0751426,https://www.imdb.com/name/nm0751426
84,585.,Raquel Welch,/name/nm0000079,https://www.imdb.com/name/nm0000079
85,586.,Linda Fiorentino,/name/nm0000400,https://www.imdb.com/name/nm0000400
86,587.,Gabourey Sidibe,/name/nm2829737,https://www.imdb.com/name/nm2829737
87,588.,Judy Davis,/name/nm0001114,https://www.imdb.com/name/nm0001114
88,589.,Mia Farrow,/name/nm0001201,https://www.imdb.com/name/nm0001201
89,590.,Audrey Tautou,/name/nm0851582,https://www.imdb.com/name/nm0851582
90,591.,Jeanne Moreau,/name/nm0603402,https://www.imdb.com/name/nm0603402
91,592.,Jane Wyman,/name/nm0943837,https://www.imdb.com/name/nm0943837
92,593.,Gena Rowlands,/name/nm0001687,https://www.imdb.com/name/nm0001687
93,594.,Lesley Manville,/name/nm0544334,https://www.imdb.com/name/nm0544334
94,595.,Elizabeth Olsen,/name/nm0647634,https://www.imdb.com/name/nm0647634
95,596.,Nastassja Kinski,/name/nm0000176,https://www.imdb.com/name/nm0000176
96,597.,Mélanie Laurent,/name/nm0491259,https://www.imdb.com/name/nm0491259
97,598.,Whitney Houston,/name/nm0001365,https://www.imdb.com/name/nm0001365
98,599.,Felicity Huffman,/name/nm0005031,https://www.imdb.com/name/nm0005031
99,600.,Imelda Staunton,/name/nm0001767,https://www.imdb.com/name/nm0001767
0,601.,Oscar Isaac,/name/nm1209966,https://www.imdb.com/name/nm1209966
1,602.,Jon Heder,/name/nm1417647,https://www.imdb.com/name/nm1417647
2,603.,Miles Teller,/name/nm1886602,https://www.imdb.com/name/nm1886602
3,604.,Daniel Brühl,/name/nm0117709,https://www.imdb.com/name/nm0117709
4,605.,James Gandolfini,/name/nm0001254,https://www.imdb.com/name/nm0001254
5,606.,Michael B. Jordan,/name/nm0430107,https://www.imdb.com/name/nm0430107
6,607.,Anthony Perkins,/name/nm0000578,https://www.imdb.com/name/nm0000578
7,608.,David Thewlis,/name/nm0000667,https://www.imdb.com/name/nm0000667
8,609.,Klaus Kinski,/name/nm0001428,https://www.imdb.com/name/nm0001428
9,610.,Malcolm McDowell,/name/nm0000532,https://www.imdb.com/name/nm0000532
10,611.,Ray Winstone,/name/nm0935653,https://www.imdb.com/name/nm0935653
11,612.,Jean-Paul Belmondo,/name/nm0000901,https://www.imdb.com/name/nm0000901
12,613.,Andy Serkis,/name/nm0785227,https://www.imdb.com/name/nm0785227
13,614.,Matthew Broderick,/name/nm0000111,https://www.imdb.com/name/nm0000111
14,615.,Dennis Hopper,/name/nm0000454,https://www.imdb.com/name/nm0000454
15,616.,Michael Rooker,/name/nm0740264,https://www.imdb.com/name/nm0740264
16,617.,Vincent Gallo,/name/nm0001252,https://www.imdb.com/name/nm0001252
17,618.,Kevin Spacey,/name/nm0000228,https://www.imdb.com/name/nm0000228
18,619.,Vincent Cassel,/name/nm0001993,https://www.imdb.com/name/nm0001993
19,620.,J.K. Simmons,/name/nm0799777,https://www.imdb.com/name/nm0799777
20,621.,Boris Karloff,/name/nm0000472,https://www.imdb.com/name/nm0000472
21,622.,Peter Lorre,/name/nm0000048,https://www.imdb.com/name/nm0000048
22,623.,Matthew McConaughey,/name/nm0000190,https://www.imdb.com/name/nm0000190
23,624.,Paddy Considine,/name/nm0175916,https://www.imdb.com/name/nm0175916
24,625.,Ryan Phillippe,/name/nm0000202,https://www.imdb.com/name/nm0000202
25,626.,Kerry Washington,/name/nm0913488,https://www.imdb.com/name/nm0913488
26,627.,Carrie-Anne Moss,/name/nm0005251,https://www.imdb.com/name/nm0005251
27,628.,Janet Leigh,/name/nm0001463,https://www.imdb.com/name/nm0001463
28,629.,Catalina Sandino Moreno,/name/nm1503432,https://www.imdb.com/name/nm1503432
29,630.,Samantha Morton,/name/nm0608090,https://www.imdb.com/name/nm0608090
30,631.,Keisha Castle-Hughes,/name/nm1095720,https://www.imdb.com/name/nm1095720
31,632.,Barbara Stanwyck,/name/nm0001766,https://www.imdb.com/name/nm0001766
32,633.,Joan Allen,/name/nm0000260,https://www.imdb.com/name/nm0000260
33,634.,Janet McTeer,/name/nm0005216,https://www.imdb.com/name/nm0005216
34,635.,Fernanda Montenegro,/name/nm0005244,https://www.imdb.com/name/nm0005244
35,636.,Kristin Scott Thomas,/name/nm0000218,https://www.imdb.com/name/nm0000218
36,637.,Brenda Blethyn,/name/nm0000950,https://www.imdb.com/name/nm0000950
37,638.,Elisabeth Shue,/name/nm0000223,https://www.imdb.com/name/nm0000223
38,639.,Miranda Richardson,/name/nm0001669,https://www.imdb.com/name/nm0001669
39,640.,Stockard Channing,/name/nm0000330,https://www.imdb.com/name/nm0000330
40,641.,Luise Rainer,/name/nm0707023,https://www.imdb.com/name/nm0707023
41,642.,Mary McDonnell,/name/nm0001521,https://www.imdb.com/name/nm0001521
42,643.,Lucille Ball,/name/nm0000840,https://www.imdb.com/name/nm0000840
43,644.,Laura Dern,/name/nm0000368,https://www.imdb.com/name/nm0000368
44,645.,Pauline Collins,/name/nm0172604,https://www.imdb.com/name/nm0172604
45,646.,Isabelle Adjani,/name/nm0000254,https://www.imdb.com/name/nm0000254
46,647.,Melanie Griffith,/name/nm0000429,https://www.imdb.com/name/nm0000429
47,648.,Sally Kirkland,/name/nm0000476,https://www.imdb.com/name/nm0000476
48,649.,Jane Alexander,/name/nm0000737,https://www.imdb.com/name/nm0000737
49,650.,Marsha Mason,/name/nm0556850,https://www.imdb.com/name/nm0556850
50,651.,Freddie Highmore,/name/nm0383603,https://www.imdb.com/name/nm0383603
51,652.,Michael J. Fox,/name/nm0000150,https://www.imdb.com/name/nm0000150
52,653.,John Travolta,/name/nm0000237,https://www.imdb.com/name/nm0000237
53,654.,Chow Yun-Fat,/name/nm0000334,https://www.imdb.com/name/nm0000334
54,655.,Seth MacFarlane,/name/nm0532235,https://www.imdb.com/name/nm0532235
55,656.,Jet Li,/name/nm0001472,https://www.imdb.com/name/nm0001472
56,657.,John Houseman,/name/nm0002144,https://www.imdb.com/name/nm0002144
57,658.,Chuck Norris,/name/nm0001569,https://www.imdb.com/name/nm0001569
58,659.,Jean-Claude Van Damme,/name/nm0000241,https://www.imdb.com/name/nm0000241
59,660.,Sam Rockwell,/name/nm0005377,https://www.imdb.com/name/nm0005377
60,661.,Takashi Shimura,/name/nm0793766,https://www.imdb.com/name/nm0793766
61,662.,Richard E. Grant,/name/nm0001290,https://www.imdb.com/name/nm0001290
62,663.,Leslie Nielsen,/name/nm0000558,https://www.imdb.com/name/nm0000558
63,664.,Simon Pegg,/name/nm0670408,https://www.imdb.com/name/nm0670408
64,665.,John Malkovich,/name/nm0000518,https://www.imdb.com/name/nm0000518
65,666.,Michael Shannon,/name/nm0788335,https://www.imdb.com/name/nm0788335
66,667.,Martin Sheen,/name/nm0000640,https://www.imdb.com/name/nm0000640
67,668.,Christopher Guest,/name/nm0001302,https://www.imdb.com/name/nm0001302
68,669.,Alan Rickman,/name/nm0000614,https://www.imdb.com/name/nm0000614
69,670.,Jackie Earle Haley,/name/nm0355097,https://www.imdb.com/name/nm0355097
70,671.,Gig Young,/name/nm0949574,https://www.imdb.com/name/nm0949574
71,672.,James Spader,/name/nm0000652,https://www.imdb.com/name/nm0000652
72,673.,Eric Bana,/name/nm0051509,https://www.imdb.com/name/nm0051509
73,674.,Romain Duris,/name/nm0244151,https://www.imdb.com/name/nm0244151
74,675.,Robert Shaw,/name/nm0001727,https://www.imdb.com/name/nm0001727
75,676.,Jacki Weaver,/name/nm0915865,https://www.imdb.com/name/nm0915865
76,677.,Bérénice Bejo,/name/nm0067367,https://www.imdb.com/name/nm0067367
77,678.,Hailee Steinfeld,/name/nm2794962,https://www.imdb.com/name/nm2794962
78,679.,Jennifer Jason Leigh,/name/nm0000492,https://www.imdb.com/name/nm0000492
79,680.,Kathleen Quinlan,/name/nm0000599,https://www.imdb.com/name/nm0000599
80,681.,Taraji P. Henson,/name/nm0378245,https://www.imdb.com/name/nm0378245
81,682.,Amy Ryan,/name/nm0752407,https://www.imdb.com/name/nm0752407
82,683.,Ruby Dee,/name/nm0002039,https://www.imdb.com/name/nm0002039
83,684.,Jill Clayburgh,/name/nm0001049,https://www.imdb.com/name/nm0001049
84,685.,Adriana Barraza,/name/nm0056770,https://www.imdb.com/name/nm0056770
85,686.,Rinko Kikuchi,/name/nm0452860,https://www.imdb.com/name/nm0452860
86,687.,Catherine Keener,/name/nm0001416,https://www.imdb.com/name/nm0001416
87,688.,Charlotte Rampling,/name/nm0001648,https://www.imdb.com/name/nm0001648
88,689.,Sophie Okonedo,/name/nm0645683,https://www.imdb.com/name/nm0645683
89,690.,Patricia Clarkson,/name/nm0165101,https://www.imdb.com/name/nm0165101
90,691.,Shohreh Aghdashloo,/name/nm0013037,https://www.imdb.com/name/nm0013037
91,692.,Lindsay Lohan,/name/nm0517820,https://www.imdb.com/name/nm0517820
92,693.,Michelle Trachtenberg,/name/nm0005502,https://www.imdb.com/name/nm0005502
93,694.,Chloë Sevigny,/name/nm0001721,https://www.imdb.com/name/nm0001721
94,695.,Lynn Redgrave,/name/nm0001655,https://www.imdb.com/name/nm0001655
95,696.,Rachel Griffiths,/name/nm0341737,https://www.imdb.com/name/nm0341737
96,697.,Margot Robbie,/name/nm3053338,https://www.imdb.com/name/nm3053338
97,698.,Lili Taylor,/name/nm0000666,https://www.imdb.com/name/nm0000666
98,699.,Robin Weigert,/name/nm0917848,https://www.imdb.com/name/nm0917848
99,700.,Lake Bell,/name/nm1128572,https://www.imdb.com/name/nm1128572
0,701.,Claude Rains,/name/nm0001647,https://www.imdb.com/name/nm0001647
1,702.,Steve Buscemi,/name/nm0000114,https://www.imdb.com/name/nm0000114
2,703.,John Rhys-Davies,/name/nm0722636,https://www.imdb.com/name/nm0722636
3,704.,Jean-Louis Trintignant,/name/nm0004462,https://www.imdb.com/name/nm0004462
4,705.,Joseph Cotten,/name/nm0001072,https://www.imdb.com/name/nm0001072
5,706.,Barry Pepper,/name/nm0001608,https://www.imdb.com/name/nm0001608
6,707.,Erich von Stroheim,/name/nm0002233,https://www.imdb.com/name/nm0002233
7,708.,Patrick Wilson,/name/nm0933940,https://www.imdb.com/name/nm0933940
8,709.,Christopher Lloyd,/name/nm0000502,https://www.imdb.com/name/nm0000502
9,710.,Ben Foster,/name/nm0004936,https://www.imdb.com/name/nm0004936
10,711.,Joel McCrea,/name/nm0566948,https://www.imdb.com/name/nm0566948
11,712.,Choi Min-sik,/name/nm0158856,https://www.imdb.com/name/nm0158856
12,713.,Ewan McGregor,/name/nm0000191,https://www.imdb.com/name/nm0000191
13,714.,Gael García Bernal,/name/nm0305558,https://www.imdb.com/name/nm0305558
14,715.,Bruno Ganz,/name/nm0004486,https://www.imdb.com/name/nm0004486
15,716.,Sean Astin,/name/nm0000276,https://www.imdb.com/name/nm0000276
16,717.,Irrfan Khan,/name/nm0451234,https://www.imdb.com/name/nm0451234
17,718.,Michael C. Hall,/name/nm0355910,https://www.imdb.com/name/nm0355910
18,719.,Roy Scheider,/name/nm0001702,https://www.imdb.com/name/nm0001702
19,720.,Casey Affleck,/name/nm0000729,https://www.imdb.com/name/nm0000729
20,721.,Gary Busey,/name/nm0000997,https://www.imdb.com/name/nm0000997
21,722.,Norman Reedus,/name/nm0005342,https://www.imdb.com/name/nm0005342
22,723.,Jeff Daniels,/name/nm0001099,https://www.imdb.com/name/nm0001099
23,724.,Stanley Tucci,/name/nm0001804,https://www.imdb.com/name/nm0001804
24,725.,Kiefer Sutherland,/name/nm0000662,https://www.imdb.com/name/nm0000662
25,726.,Michelle Yeoh,/name/nm0000706,https://www.imdb.com/name/nm0000706
26,727.,Léa Seydoux,/name/nm2244205,https://www.imdb.com/name/nm2244205
27,728.,Dakota Johnson,/name/nm0424848,https://www.imdb.com/name/nm0424848
28,729.,Julie Delpy,/name/nm0000365,https://www.imdb.com/name/nm0000365
29,730.,Linda Hamilton,/name/nm0000157,https://www.imdb.com/name/nm0000157
30,731.,Carrie Fisher,/name/nm0000402,https://www.imdb.com/name/nm0000402
31,732.,Pam Grier,/name/nm0000427,https://www.imdb.com/name/nm0000427
32,733.,Björk,/name/nm0001951,https://www.imdb.com/name/nm0001951
33,734.,Emily Browning,/name/nm0115161,https://www.imdb.com/name/nm0115161
34,735.,Juliette Lewis,/name/nm0000496,https://www.imdb.com/name/nm0000496
35,736.,Sarah Jessica Parker,/name/nm0000572,https://www.imdb.com/name/nm0000572
36,737.,Piper Laurie,/name/nm0001453,https://www.imdb.com/name/nm0001453
37,738.,Miley Cyrus,/name/nm1415323,https://www.imdb.com/name/nm1415323
38,739.,Lily Tomlin,/name/nm0005499,https://www.imdb.com/name/nm0005499
39,740.,Jane Seymour,/name/nm0005412,https://www.imdb.com/name/nm0005412
40,741.,Gloria Stuart,/name/nm0001784,https://www.imdb.com/name/nm0001784
41,742.,Talia Shire,/name/nm0001735,https://www.imdb.com/name/nm0001735
42,743.,Gal Gadot,/name/nm2933757,https://www.imdb.com/name/nm2933757
43,744.,Sue Lyon,/name/nm0528987,https://www.imdb.com/name/nm0528987
44,745.,Olivia Newton-John,/name/nm0000556,https://www.imdb.com/name/nm0000556
45,746.,Minnie Driver,/name/nm0000378,https://www.imdb.com/name/nm0000378
46,747.,Teri Garr,/name/nm0000414,https://www.imdb.com/name/nm0000414
47,748.,Keri Russell,/name/nm0005392,https://www.imdb.com/name/nm0005392
48,749.,Jean Seberg,/name/nm0781029,https://www.imdb.com/name/nm0781029
49,750.,Sarah Polley,/name/nm0001631,https://www.imdb.com/name/nm0001631
50,751.,Josh Brolin,/name/nm0000982,https://www.imdb.com/name/nm0000982
51,752.,Hal Holbrook,/name/nm0001358,https://www.imdb.com/name/nm0001358
52,753.,Djimon Hounsou,/name/nm0005023,https://www.imdb.com/name/nm0005023
53,754.,Matt Dillon,/name/nm0000369,https://www.imdb.com/name/nm0000369
54,755.,Alan Alda,/name/nm0000257,https://www.imdb.com/name/nm0000257
55,756.,Thomas Haden Church,/name/nm0002006,https://www.imdb.com/name/nm0002006
56,757.,Clive Owen,/name/nm0654110,https://www.imdb.com/name/nm0654110
57,758.,Ken Watanabe,/name/nm0913822,https://www.imdb.com/name/nm0913822
58,759.,Suraj Sharma,/name/nm4139037,https://www.imdb.com/name/nm4139037
59,760.,John C. Reilly,/name/nm0000604,https://www.imdb.com/name/nm0000604
60,761.,Michael Clarke Duncan,/name/nm0003817,https://www.imdb.com/name/nm0003817
61,762.,Haley Joel Osment,/name/nm0005286,https://www.imdb.com/name/nm0005286
62,763.,Greg Kinnear,/name/nm0001427,https://www.imdb.com/name/nm0001427
63,764.,Burt Reynolds,/name/nm0000608,https://www.imdb.com/name/nm0000608
64,765.,Robert Forster,/name/nm0001233,https://www.imdb.com/name/nm0001233
65,766.,Jason Schwartzman,/name/nm0005403,https://www.imdb.com/name/nm0005403
66,767.,William H. Macy,/name/nm0000513,https://www.imdb.com/name/nm0000513
67,768.,Armin Mueller-Stahl,/name/nm0000090,https://www.imdb.com/name/nm0000090
68,769.,Tim Roth,/name/nm0000619,https://www.imdb.com/name/nm0000619
69,770.,James Cromwell,/name/nm0000342,https://www.imdb.com/name/nm0000342
70,771.,Chazz Palminteri,/name/nm0001590,https://www.imdb.com/name/nm0001590
71,772.,Gary Sinise,/name/nm0000641,https://www.imdb.com/name/nm0000641
72,773.,Paul Scofield,/name/nm0006890,https://www.imdb.com/name/nm0006890
73,774.,Pete Postlethwaite,/name/nm0000592,https://www.imdb.com/name/nm0000592
74,775.,Hugo Weaving,/name/nm0915989,https://www.imdb.com/name/nm0915989
75,776.,Jada Pinkett Smith,/name/nm0000586,https://www.imdb.com/name/nm0000586
76,777.,Tatum O'Neal,/name/nm0001575,https://www.imdb.com/name/nm0001575
77,778.,Anna Faris,/name/nm0267506,https://www.imdb.com/name/nm0267506
78,779.,Hattie McDaniel,/name/nm0567408,https://www.imdb.com/name/nm0567408
79,780.,Famke Janssen,/name/nm0000463,https://www.imdb.com/name/nm0000463
80,781.,Rosamund Pike,/name/nm0683253,https://www.imdb.com/name/nm0683253
81,782.,Bonnie Hunt,/name/nm0001372,https://www.imdb.com/name/nm0001372
82,783.,Leslie Mann,/name/nm0005182,https://www.imdb.com/name/nm0005182
83,784.,Mindy Kaling,/name/nm1411676,https://www.imdb.com/name/nm1411676
84,785.,Thandiwe Newton,/name/nm0628601,https://www.imdb.com/name/nm0628601
85,786.,Amy Poehler,/name/nm0688132,https://www.imdb.com/name/nm0688132
86,787.,Amanda Peet,/name/nm0001605,https://www.imdb.com/name/nm0001605
87,788.,Julia Stiles,/name/nm0005466,https://www.imdb.com/name/nm0005466
88,789.,Maria Bello,/name/nm0004742,https://www.imdb.com/name/nm0004742
89,790.,Eva Mendes,/name/nm0578949,https://www.imdb.com/name/nm0578949
90,791.,Emily Blunt,/name/nm1289434,https://www.imdb.com/name/nm1289434
91,792.,Rose Byrne,/name/nm0126284,https://www.imdb.com/name/nm0126284
92,793.,Ashley Judd,/name/nm0000171,https://www.imdb.com/name/nm0000171
93,794.,Emilia Clarke,/name/nm3592338,https://www.imdb.com/name/nm3592338
94,795.,Christina Applegate,/name/nm0000775,https://www.imdb.com/name/nm0000775
95,796.,Nia Long,/name/nm0000505,https://www.imdb.com/name/nm0000505
96,797.,Felicity Jones,/name/nm0428065,https://www.imdb.com/name/nm0428065
97,798.,Téa Leoni,/name/nm0000495,https://www.imdb.com/name/nm0000495
98,799.,Alexandra Daddario,/name/nm1275259,https://www.imdb.com/name/nm1275259
99,800.,Jena Malone,/name/nm0540441,https://www.imdb.com/name/nm0540441
0,801.,Richard Gere,/name/nm0000152,https://www.imdb.com/name/nm0000152
1,802.,Nick Frost,/name/nm0296545,https://www.imdb.com/name/nm0296545
2,803.,Ray Liotta,/name/nm0000501,https://www.imdb.com/name/nm0000501
3,804.,Chris Rock,/name/nm0001674,https://www.imdb.com/name/nm0001674
4,805.,Jon Hamm,/name/nm0358316,https://www.imdb.com/name/nm0358316
5,806.,Neil Patrick Harris,/name/nm0000439,https://www.imdb.com/name/nm0000439
6,807.,Charlie Sheen,/name/nm0000221,https://www.imdb.com/name/nm0000221
7,808.,Mark Rylance,/name/nm0753314,https://www.imdb.com/name/nm0753314
8,809.,Andy Garcia,/name/nm0000412,https://www.imdb.com/name/nm0000412
9,810.,Michael Lerner,/name/nm0503627,https://www.imdb.com/name/nm0503627
10,811.,Graham Greene,/name/nm0001295,https://www.imdb.com/name/nm0001295
11,812.,Bruce Davison,/name/nm0001117,https://www.imdb.com/name/nm0001117
12,813.,Dan Aykroyd,/name/nm0000101,https://www.imdb.com/name/nm0000101
13,814.,Danny Aiello,/name/nm0000732,https://www.imdb.com/name/nm0000732
14,815.,River Phoenix,/name/nm0000203,https://www.imdb.com/name/nm0000203
15,816.,Dean Stockwell,/name/nm0001777,https://www.imdb.com/name/nm0001777
16,817.,Billy Crystal,/name/nm0000345,https://www.imdb.com/name/nm0000345
17,818.,John Goodman,/name/nm0000422,https://www.imdb.com/name/nm0000422
18,819.,Orlando Bloom,/name/nm0089217,https://www.imdb.com/name/nm0089217
19,820.,Stellan Skarsgård,/name/nm0001745,https://www.imdb.com/name/nm0001745
20,821.,Alexander Skarsgård,/name/nm0002907,https://www.imdb.com/name/nm0002907
21,822.,Mike Myers,/name/nm0000196,https://www.imdb.com/name/nm0000196
22,823.,Tyrese Gibson,/name/nm0879085,https://www.imdb.com/name/nm0879085
23,824.,Elijah Wood,/name/nm0000704,https://www.imdb.com/name/nm0000704
24,825.,Danny DeVito,/name/nm0000362,https://www.imdb.com/name/nm0000362
25,826.,Susan Hayward,/name/nm0001333,https://www.imdb.com/name/nm0001333
26,827.,Michelle Rodriguez,/name/nm0735442,https://www.imdb.com/name/nm0735442
27,828.,Sarah Michelle Gellar,/name/nm0001264,https://www.imdb.com/name/nm0001264
28,829.,Sandra Oh,/name/nm0644897,https://www.imdb.com/name/nm0644897
29,830.,Margot Kidder,/name/nm0452288,https://www.imdb.com/name/nm0452288
30,831.,Beyoncé,/name/nm0461498,https://www.imdb.com/name/nm0461498
31,832.,Rebecca Hall,/name/nm0356017,https://www.imdb.com/name/nm0356017
32,833.,Piper Perabo,/name/nm0005305,https://www.imdb.com/name/nm0005305
33,834.,Courteney Cox,/name/nm0001073,https://www.imdb.com/name/nm0001073
34,835.,Parker Posey,/name/nm0000205,https://www.imdb.com/name/nm0000205
35,836.,Paula Patton,/name/nm1745736,https://www.imdb.com/name/nm1745736
36,837.,Michelle Monaghan,/name/nm1157358,https://www.imdb.com/name/nm1157358
37,838.,Claire Danes,/name/nm0000132,https://www.imdb.com/name/nm0000132
38,839.,Allison Janney,/name/nm0005049,https://www.imdb.com/name/nm0005049
39,840.,Kate Bosworth,/name/nm0098378,https://www.imdb.com/name/nm0098378
40,841.,Evan Rachel Wood,/name/nm0939697,https://www.imdb.com/name/nm0939697
41,842.,Mira Sorvino,/name/nm0000227,https://www.imdb.com/name/nm0000227
42,843.,Ziyi Zhang,/name/nm0955471,https://www.imdb.com/name/nm0955471
43,844.,Amanda Bynes,/name/nm0004789,https://www.imdb.com/name/nm0004789
44,845.,Lisa Kudrow,/name/nm0001435,https://www.imdb.com/name/nm0001435
45,846.,Brit Marling,/name/nm1779870,https://www.imdb.com/name/nm1779870
46,847.,Cynthia Erivo,/name/nm7248827,https://www.imdb.com/name/nm7248827
47,848.,Sofía Vergara,/name/nm0005527,https://www.imdb.com/name/nm0005527
48,849.,Mandy Moore,/name/nm0601553,https://www.imdb.com/name/nm0601553
49,850.,Virginia Madsen,/name/nm0000515,https://www.imdb.com/name/nm0000515
50,851.,James Marsden,/name/nm0005188,https://www.imdb.com/name/nm0005188
51,852.,Tim Allen,/name/nm0000741,https://www.imdb.com/name/nm0000741
52,853.,Giovanni Ribisi,/name/nm0000610,https://www.imdb.com/name/nm0000610
53,854.,Rutger Hauer,/name/nm0000442,https://www.imdb.com/name/nm0000442
54,855.,Vince Vaughn,/name/nm0000681,https://www.imdb.com/name/nm0000681
55,856.,Brian Cox,/name/nm0004051,https://www.imdb.com/name/nm0004051
56,857.,Dennis Quaid,/name/nm0000598,https://www.imdb.com/name/nm0000598
57,858.,John Leguizamo,/name/nm0000491,https://www.imdb.com/name/nm0000491
58,859.,Michael Keaton,/name/nm0000474,https://www.imdb.com/name/nm0000474
59,860.,Billy Burke,/name/nm0121605,https://www.imdb.com/name/nm0121605
60,861.,Brendan Gleeson,/name/nm0322407,https://www.imdb.com/name/nm0322407
61,862.,Charles Bronson,/name/nm0000314,https://www.imdb.com/name/nm0000314
62,863.,Jonathan Pryce,/name/nm0000596,https://www.imdb.com/name/nm0000596
63,864.,Tobey Maguire,/name/nm0001497,https://www.imdb.com/name/nm0001497
64,865.,Michael Sheen,/name/nm0790688,https://www.imdb.com/name/nm0790688
65,866.,Justin Long,/name/nm0519043,https://www.imdb.com/name/nm0519043
66,867.,Jack Black,/name/nm0085312,https://www.imdb.com/name/nm0085312
67,868.,Mel Brooks,/name/nm0000316,https://www.imdb.com/name/nm0000316
68,869.,Pierce Brosnan,/name/nm0000112,https://www.imdb.com/name/nm0000112
69,870.,Sean Bean,/name/nm0000293,https://www.imdb.com/name/nm0000293
70,871.,Mahershala Ali,/name/nm0991810,https://www.imdb.com/name/nm0991810
71,872.,Josh Duhamel,/name/nm0241049,https://www.imdb.com/name/nm0241049
72,873.,Eddie Murphy,/name/nm0000552,https://www.imdb.com/name/nm0000552
73,874.,Jon Favreau,/name/nm0269463,https://www.imdb.com/name/nm0269463
74,875.,Danny Glover,/name/nm0000418,https://www.imdb.com/name/nm0000418
75,876.,Freida Pinto,/name/nm2951768,https://www.imdb.com/name/nm2951768
76,877.,Hilary Duff,/name/nm0240381,https://www.imdb.com/name/nm0240381
77,878.,Mary Elizabeth Winstead,/name/nm0935541,https://www.imdb.com/name/nm0935541
78,879.,Jennifer Coolidge,/name/nm0177639,https://www.imdb.com/name/nm0177639
79,880.,Andrea Riseborough,/name/nm2057859,https://www.imdb.com/name/nm2057859
80,881.,Molly Ringwald,/name/nm0000208,https://www.imdb.com/name/nm0000208
81,882.,January Jones,/name/nm0005064,https://www.imdb.com/name/nm0005064
82,883.,Maya Rudolph,/name/nm0748973,https://www.imdb.com/name/nm0748973
83,884.,Sophie Marceau,/name/nm0000521,https://www.imdb.com/name/nm0000521
84,885.,Franka Potente,/name/nm0004376,https://www.imdb.com/name/nm0004376
85,886.,Claire Foy,/name/nm2946516,https://www.imdb.com/name/nm2946516
86,887.,Rashida Jones,/name/nm0429069,https://www.imdb.com/name/nm0429069
87,888.,Alicia Silverstone,/name/nm0000224,https://www.imdb.com/name/nm0000224
88,889.,Lillian Gish,/name/nm0001273,https://www.imdb.com/name/nm0001273
89,890.,Evangeline Lilly,/name/nm1431940,https://www.imdb.com/name/nm1431940
90,891.,Olivia Colman,/name/nm1469236,https://www.imdb.com/name/nm1469236
91,892.,Mireille Enos,/name/nm0257969,https://www.imdb.com/name/nm0257969
92,893.,Jennifer Love Hewitt,/name/nm0001349,https://www.imdb.com/name/nm0001349
93,894.,Emmy Rossum,/name/nm0002536,https://www.imdb.com/name/nm0002536
94,895.,Joey King,/name/nm1428821,https://www.imdb.com/name/nm1428821
95,896.,Ginnifer Goodwin,/name/nm0329481,https://www.imdb.com/name/nm0329481
96,897.,Christine Taylor,/name/nm0852132,https://www.imdb.com/name/nm0852132
97,898.,Vanessa Hudgens,/name/nm1227814,https://www.imdb.com/name/nm1227814
98,899.,Abbie Cornish,/name/nm0180411,https://www.imdb.com/name/nm0180411
99,900.,Florence Pugh,/name/nm6073955,https://www.imdb.com/name/nm6073955
0,901.,Ian Holm,/name/nm0000453,https://www.imdb.com/name/nm0000453
1,902.,Nathan Lane,/name/nm0001447,https://www.imdb.com/name/nm0001447
2,903.,Cary Elwes,/name/nm0000144,https://www.imdb.com/name/nm0000144
3,904.,Martin Lawrence,/name/nm0001454,https://www.imdb.com/name/nm0001454
4,905.,Steve Coogan,/name/nm0176869,https://www.imdb.com/name/nm0176869
5,906.,Sacha Baron Cohen,/name/nm0056187,https://www.imdb.com/name/nm0056187
6,907.,Jeffrey Wright,/name/nm0942482,https://www.imdb.com/name/nm0942482
7,908.,Jackie Chan,/name/nm0000329,https://www.imdb.com/name/nm0000329
8,909.,Aaron Eckhart,/name/nm0001173,https://www.imdb.com/name/nm0001173
9,910.,Sam Worthington,/name/nm0941777,https://www.imdb.com/name/nm0941777
10,911.,Jack Davenport,/name/nm0202603,https://www.imdb.com/name/nm0202603
11,912.,Alfred Molina,/name/nm0000547,https://www.imdb.com/name/nm0000547
12,913.,Tim Curry,/name/nm0000347,https://www.imdb.com/name/nm0000347
13,914.,Mark Hamill,/name/nm0000434,https://www.imdb.com/name/nm0000434
14,915.,Brendan Fraser,/name/nm0000409,https://www.imdb.com/name/nm0000409
15,916.,Ice Cube,/name/nm0001084,https://www.imdb.com/name/nm0001084
16,917.,Liev Schreiber,/name/nm0000630,https://www.imdb.com/name/nm0000630
17,918.,Ed Helms,/name/nm1159180,https://www.imdb.com/name/nm1159180
18,919.,Val Kilmer,/name/nm0000174,https://www.imdb.com/name/nm0000174
19,920.,Russell Brand,/name/nm1258970,https://www.imdb.com/name/nm1258970
20,921.,Craig T. Nelson,/name/nm0005266,https://www.imdb.com/name/nm0005266
21,922.,Bernie Mac,/name/nm0005170,https://www.imdb.com/name/nm0005170
22,923.,Patrick Stewart,/name/nm0001772,https://www.imdb.com/name/nm0001772
23,924.,Seth Green,/name/nm0001293,https://www.imdb.com/name/nm0001293
24,925.,Ashton Kutcher,/name/nm0005110,https://www.imdb.com/name/nm0005110
25,926.,Randy Quaid,/name/nm0001642,https://www.imdb.com/name/nm0001642
26,927.,Wesley Snipes,/name/nm0000648,https://www.imdb.com/name/nm0000648
27,928.,David Oyelowo,/name/nm0654648,https://www.imdb.com/name/nm0654648
28,929.,Mark Strong,/name/nm0835016,https://www.imdb.com/name/nm0835016
29,930.,Rob Schneider,/name/nm0001705,https://www.imdb.com/name/nm0001705
30,931.,Jay Baruchel,/name/nm0059431,https://www.imdb.com/name/nm0059431
31,932.,Hayden Christensen,/name/nm0159789,https://www.imdb.com/name/nm0159789
32,933.,Ray Stevenson,/name/nm0829032,https://www.imdb.com/name/nm0829032
33,934.,Paul Bettany,/name/nm0079273,https://www.imdb.com/name/nm0079273
34,935.,Hugh Laurie,/name/nm0491402,https://www.imdb.com/name/nm0491402
35,936.,Chris Tucker,/name/nm0000676,https://www.imdb.com/name/nm0000676
36,937.,John Candy,/name/nm0001006,https://www.imdb.com/name/nm0001006
37,938.,Richard Attenborough,/name/nm0000277,https://www.imdb.com/name/nm0000277
38,939.,Chris O'Donnell,/name/nm0000563,https://www.imdb.com/name/nm0000563
39,940.,Benjamin Bratt,/name/nm0000973,https://www.imdb.com/name/nm0000973
40,941.,Common,/name/nm0996669,https://www.imdb.com/name/nm0996669
41,942.,Marlon Wayans,/name/nm0005541,https://www.imdb.com/name/nm0005541
42,943.,Albert Brooks,/name/nm0000983,https://www.imdb.com/name/nm0000983
43,944.,Aaron Paul,/name/nm0666739,https://www.imdb.com/name/nm0666739
44,945.,Macaulay Culkin,/name/nm0000346,https://www.imdb.com/name/nm0000346
45,946.,Sam Elliott,/name/nm0000385,https://www.imdb.com/name/nm0000385
46,947.,Taron Egerton,/name/nm5473782,https://www.imdb.com/name/nm5473782
47,948.,Jim Caviezel,/name/nm0001029,https://www.imdb.com/name/nm0001029
48,949.,Elvis Presley,/name/nm0000062,https://www.imdb.com/name/nm0000062
49,950.,Jonah Hill,/name/nm1706767,https://www.imdb.com/name/nm1706767
50,951.,Sung Kang,/name/nm0437646,https://www.imdb.com/name/nm0437646
51,952.,Jason Sudeikis,/name/nm0837177,https://www.imdb.com/name/nm0837177
52,953.,Josh Hartnett,/name/nm0001326,https://www.imdb.com/name/nm0001326
53,954.,Cillian Murphy,/name/nm0614165,https://www.imdb.com/name/nm0614165
54,955.,Billy Crudup,/name/nm0001082,https://www.imdb.com/name/nm0001082
55,956.,Anthony Mackie,/name/nm1107001,https://www.imdb.com/name/nm1107001
56,957.,John Barrymore,/name/nm0000858,https://www.imdb.com/name/nm0000858
57,958.,Timothy Olyphant,/name/nm0648249,https://www.imdb.com/name/nm0648249
58,959.,Josh Gad,/name/nm1265802,https://www.imdb.com/name/nm1265802
59,960.,Billy Zane,/name/nm0000708,https://www.imdb.com/name/nm0000708
60,961.,Luke Wilson,/name/nm0005561,https://www.imdb.com/name/nm0005561
61,962.,Peter Sarsgaard,/name/nm0765597,https://www.imdb.com/name/nm0765597
62,963.,Rhys Ifans,/name/nm0406975,https://www.imdb.com/name/nm0406975
63,964.,Topher Grace,/name/nm0333410,https://www.imdb.com/name/nm0333410
64,965.,Kevin Hart,/name/nm0366389,https://www.imdb.com/name/nm0366389
65,966.,Paul Dano,/name/nm0200452,https://www.imdb.com/name/nm0200452
66,967.,Bill Hader,/name/nm0352778,https://www.imdb.com/name/nm0352778
67,968.,Rob Lowe,/name/nm0000507,https://www.imdb.com/name/nm0000507
68,969.,Mel Blanc,/name/nm0000305,https://www.imdb.com/name/nm0000305
69,970.,David Spade,/name/nm0005450,https://www.imdb.com/name/nm0005450
70,971.,Rob Riggle,/name/nm1443527,https://www.imdb.com/name/nm1443527
71,972.,Lance Henriksen,/name/nm0000448,https://www.imdb.com/name/nm0000448
72,973.,Richard Jenkins,/name/nm0420955,https://www.imdb.com/name/nm0420955
73,974.,Emilio Estevez,/name/nm0000389,https://www.imdb.com/name/nm0000389
74,975.,Michael Ealy,/name/nm1013003,https://www.imdb.com/name/nm1013003
75,976.,Jamie Bell,/name/nm0068260,https://www.imdb.com/name/nm0068260
76,977.,Troy Baker,/name/nm1684869,https://www.imdb.com/name/nm1684869
77,978.,Danny McBride,/name/nm1144419,https://www.imdb.com/name/nm1144419
78,979.,Jonathan Rhys Meyers,/name/nm0001667,https://www.imdb.com/name/nm0001667
79,980.,Michael Cera,/name/nm0148418,https://www.imdb.com/name/nm0148418
80,981.,Bill Paxton,/name/nm0000200,https://www.imdb.com/name/nm0000200
81,982.,Ioan Gruffudd,/name/nm0344435,https://www.imdb.com/name/nm0344435
82,983.,Andrew Lincoln,/name/nm0511088,https://www.imdb.com/name/nm0511088
83,984.,Ezra Miller,/name/nm3009232,https://www.imdb.com/name/nm3009232
84,985.,Bill Pullman,/name/nm0000597,https://www.imdb.com/name/nm0000597
85,986.,Craig Robinson,/name/nm0732497,https://www.imdb.com/name/nm0732497
86,987.,Charlie Day,/name/nm0206359,https://www.imdb.com/name/nm0206359
87,988.,Andy Samberg,/name/nm1676221,https://www.imdb.com/name/nm1676221
88,989.,Garrett Hedlund,/name/nm1330560,https://www.imdb.com/name/nm1330560
89,990.,Cam Gigandet,/name/nm1544217,https://www.imdb.com/name/nm1544217
90,991.,John Krasinski,/name/nm1024677,https://www.imdb.com/name/nm1024677
91,992.,Kevin James,/name/nm0416673,https://www.imdb.com/name/nm0416673
92,993.,Christopher Reeve,/name/nm0001659,https://www.imdb.com/name/nm0001659
93,994.,James McAvoy,/name/nm0564215,https://www.imdb.com/name/nm0564215
94,995.,Rufus Sewell,/name/nm0001722,https://www.imdb.com/name/nm0001722
95,996.,Adam Driver,/name/nm3485845,https://www.imdb.com/name/nm3485845
96,997.,Ned Beatty,/name/nm0000885,https://www.imdb.com/name/nm0000885
97,998.,John Cleese,/name/nm0000092,https://www.imdb.com/name/nm0000092
98,999.,John Turturro,/name/nm0001806,https://www.imdb.com/name/nm0001806
99,"1,000.",Jerry Lewis,/name/nm0001471,https://www.imdb.com/name/nm0001471
